<?xml version='1.1' encoding='UTF-8'?>
<org.jenkinsci.plugins.workflow.multibranch.WorkflowMultiBranchProject plugin="workflow-multibranch@2.22">
  <actions/>
  <description></description>
  <displayName>02 - Integration - Feature Merge Request Review</displayName>
  <properties>
    <org.jenkinsci.plugins.docker.workflow.declarative.FolderConfig plugin="docker-workflow@1.26">
      <dockerLabel></dockerLabel>
      <registry plugin="docker-commons@1.17"/>
    </org.jenkinsci.plugins.docker.workflow.declarative.FolderConfig>
  </properties>
  <folderViews class="jenkins.branch.MultiBranchProjectViewHolder" plugin="branch-api@2.6.3">
    <owner class="org.jenkinsci.plugins.workflow.multibranch.WorkflowMultiBranchProject" reference="../.."/>
  </folderViews>
  <healthMetrics>
    <com.cloudbees.hudson.plugins.folder.health.WorstChildHealthMetric plugin="cloudbees-folder@6.15">
      <nonRecursive>false</nonRecursive>
    </com.cloudbees.hudson.plugins.folder.health.WorstChildHealthMetric>
  </healthMetrics>
  <icon class="jenkins.branch.MetadataActionFolderIcon" plugin="branch-api@2.6.3">
    <owner class="org.jenkinsci.plugins.workflow.multibranch.WorkflowMultiBranchProject" reference="../.."/>
  </icon>
  <orphanedItemStrategy class="com.cloudbees.hudson.plugins.folder.computed.DefaultOrphanedItemStrategy" plugin="cloudbees-folder@6.15">
    <pruneDeadBranches>true</pruneDeadBranches>
    <daysToKeep>1</daysToKeep>
    <numToKeep>-1</numToKeep>
  </orphanedItemStrategy>
  <disabled>false</disabled>
  <sources class="jenkins.branch.MultiBranchProject$BranchSourceList" plugin="branch-api@2.6.3">
    <data>
      <jenkins.branch.BranchSource>
        <source class="com.cloudbees.jenkins.plugins.bitbucket.BitbucketSCMSource" plugin="cloudbees-bitbucket-branch-source@2.9.7">
          <id>f5cbaf2e-a60f-43fb-9d44-3f549e85a199</id>
          <serverUrl>PLACEHOLDER_REPOSITORY_SERVER_URL</serverUrl>
          <credentialsId>automation-rw</credentialsId>
          <repoOwner>PLACEHOLDER_REPOSITORY_GROUP</repoOwner>
          <repository>PLACEHOLDER_REPOSITORY_NAME</repository>
          <traits>
            <com.cloudbees.jenkins.plugins.bitbucket.OriginPullRequestDiscoveryTrait>
              <strategyId>1</strategyId>
            </com.cloudbees.jenkins.plugins.bitbucket.OriginPullRequestDiscoveryTrait>
            <com.cloudbees.jenkins.plugins.bitbucket.ForkPullRequestDiscoveryTrait>
              <strategyId>1</strategyId>
              <trust class="com.cloudbees.jenkins.plugins.bitbucket.ForkPullRequestDiscoveryTrait$TrustTeamForks"/>
            </com.cloudbees.jenkins.plugins.bitbucket.ForkPullRequestDiscoveryTrait>
            <net.gleske.scmfilter.impl.trait.WildcardSCMHeadFilterTrait plugin="scm-filter-branch-pr@0.5.1">
              <includes>release</includes>
              <excludes></excludes>
              <tagIncludes></tagIncludes>
              <tagExcludes>*</tagExcludes>
            </net.gleske.scmfilter.impl.trait.WildcardSCMHeadFilterTrait>
            <jenkins.plugins.git.traits.SubmoduleOptionTrait plugin="git@4.6.0">
              <extension class="hudson.plugins.git.extensions.impl.SubmoduleOption">
                <disableSubmodules>false</disableSubmodules>
                <recursiveSubmodules>true</recursiveSubmodules>
                <trackingSubmodules>true</trackingSubmodules>
                <reference></reference>
                <parentCredentials>true</parentCredentials>
                <shallow>true</shallow>
              </extension>
            </jenkins.plugins.git.traits.SubmoduleOptionTrait>
          </traits>
        </source>
        <strategy class="jenkins.branch.DefaultBranchPropertyStrategy">
          <properties class="empty-list"/>
        </strategy>
      </jenkins.branch.BranchSource>
    </data>
    <owner class="org.jenkinsci.plugins.workflow.multibranch.WorkflowMultiBranchProject" reference="../.."/>
  </sources>
  <factory class="org.jenkinsci.plugins.workflow.multibranch.WorkflowBranchProjectFactory">
    <owner class="org.jenkinsci.plugins.workflow.multibranch.WorkflowMultiBranchProject" reference="../.."/>
    <scriptPath>automations/bin/multibranch-pipelines/Merge Requests Review.Jenkinsfile</scriptPath>
  </factory>
</org.jenkinsci.plugins.workflow.multibranch.WorkflowMultiBranchProject>