<?xml version="1.0" encoding="US-ASCII"?>
<SoftwareAG_License>
<Component Id="SalesInfo">
<SerialNumber>0000576653</SerialNumber>
<LicenseKey>9C07E40773156401FC904BE88D0E9C1C</LicenseKey>
<CustomerID>7310802</CustomerID>
<CustomerName>Saudi Telecom Company King Abdulaziz Compound</CustomerName>
<ContractDetails>2070308</ContractDetails>
<ContractPosNumber>014120</ContractPosNumber>
<LicenseTypeDetails>External</LicenseTypeDetails>
<AutoCallHome/>
</Component>
<Component Id="ProductInfo">
<ExpirationDate>2022/01/06</ExpirationDate>
<OS>Linux</OS>
<ProductCode>PIE</ProductCode>
<ProductID/>
<ProductName>webMethods Integration Server</ProductName>
<ProductVersion>10.0</ProductVersion>
<Usage>Development</Usage>
<RenewalDate/>
<HigherLevPosNr>013950</HigherLevPosNr>
<HigherLevProdCode>WMPR2</HigherLevProdCode>
<HigherLevProdName>BPMS Processor Core Based Bundle (WMPR2)</HigherLevProdName>
</Component>
<Component Id="Integration Server">
<ProductCode>PIE</ProductCode>
<ProductVersion>10.0</ProductVersion>
<ConcurrentSessions>Unlimited</ConcurrentSessions>
<Clustering>yes</Clustering>
<PubSub>yes</PubSub>
<ART>yes</ART>
<RemoteInvoke>yes</RemoteInvoke>
<GuaranteedDelivery>yes</GuaranteedDelivery>
<SecurityAuditing>yes</SecurityAuditing>
<DistributedCache>yes</DistributedCache>
<EnterpriseGateway>yes</EnterpriseGateway>
<Microservices>no</Microservices>
</Component>
<Component Id="Trading Networks">
<ProductCode/>
<MaxPartners/>
</Component>
<Component Id="LicenseInfo">
<PriceUnit>CoreD</PriceUnit>
<PriceQuantity>99999</PriceQuantity>
<TypeOfInstallation>Development</TypeOfInstallation>
<LicenseType>Standard License-Subscription</LicenseType>
<ExtendedRights>SBD,</ExtendedRights>
<LicenseVersion>1.2</LicenseVersion>
<Metering/>
</Component>
</SoftwareAG_License>