<?xml version='1.1' encoding='UTF-8'?>
<flow-definition plugin="workflow-job@2.40">
  <actions>
    <org.jenkinsci.plugins.pipeline.modeldefinition.actions.DeclarativeJobAction plugin="pipeline-model-definition@1.7.2"/>
    <org.jenkinsci.plugins.pipeline.modeldefinition.actions.DeclarativeJobPropertyTrackerAction plugin="pipeline-model-definition@1.7.2">
      <jobProperties>
        <string>org.jenkinsci.plugins.workflow.job.properties.DisableConcurrentBuildsJobProperty</string>
      </jobProperties>
      <triggers/>
      <parameters>
        <string>environment</string>
        <string>version</string>
        <string>option</string>
      </parameters>
      <options/>
    </org.jenkinsci.plugins.pipeline.modeldefinition.actions.DeclarativeJobPropertyTrackerAction>
  </actions>
  <description></description>
  <keepDependencies>false</keepDependencies>
  <properties>
    <hudson.plugins.jira.JiraProjectProperty plugin="jira@3.1.1"/>
    <org.jenkinsci.plugins.workflow.job.properties.DisableConcurrentBuildsJobProperty/>
    <hudson.model.ParametersDefinitionProperty>
      <parameterDefinitions>
        <com.cwctravel.hudson.plugins.extended__choice__parameter.ExtendedChoiceParameterDefinition plugin="extended-choice-parameter@0.78">
          <name>environment</name>
          <description>Environment</description>
          <quoteValue>false</quoteValue>
          <saveJSONParameterToFile>false</saveJSONParameterToFile>
          <visibleItemCount>5</visibleItemCount>
          <type>PT_SINGLE_SELECT</type>
          <groovyScript>
				return environments != null ? &quot; ,&quot; + environments : &quot;&quot;
			</groovyScript>
          <multiSelectDelimiter>,</multiSelectDelimiter>
        </com.cwctravel.hudson.plugins.extended__choice__parameter.ExtendedChoiceParameterDefinition>
        <com.cwctravel.hudson.plugins.extended__choice__parameter.ExtendedChoiceParameterDefinition plugin="extended-choice-parameter@0.78">
          <name>version</name>
          <description>Version</description>
          <quoteValue>false</quoteValue>
          <saveJSONParameterToFile>false</saveJSONParameterToFile>
          <visibleItemCount>5</visibleItemCount>
          <type>PT_SINGLE_SELECT</type>
          <groovyScript>
				import groovy.json.JsonSlurper
				import groovy.json.JsonParserType

				def executeShellCommand(workspace = &apos;&apos;, command = &apos;&apos;) {
					def sout = new StringBuilder(), serr = new StringBuilder()
					def proc = command.execute(null, new File(workspace))
					proc.consumeProcessOutput(sout, serr)
					proc.waitForOrKill(1000)
					return sout.toString()
				}

				def getVersions(workspace, versionTags) {
					if (workspace != &quot;&quot;) {
						executeShellCommand(workspace, &quot;git tag -l | xargs git tag -d &amp;&amp; git fetch -t origin-rw&quot;)
						def versions = executeShellCommand(workspace, &quot;git for-each-ref --sort=creatordate --format &apos;%(refname)&apos; $versionTags&quot;)
						return &quot; ,&quot; + versions.split(&quot;\n&quot;).collect{ &quot;$it&quot;.replaceAll(&quot;.*/&quot;,&quot;&quot;) }.unique { a, b -&gt; a &lt;=&gt; b }.reverse().join(&quot;,&quot;).replaceAll(&quot;&apos;&quot;, &quot;&quot;)
					}
					return &quot;&quot;
				}
				
				return getVersions(workspace, versionTags)
			</groovyScript>
          <multiSelectDelimiter>,</multiSelectDelimiter>
        </com.cwctravel.hudson.plugins.extended__choice__parameter.ExtendedChoiceParameterDefinition>
        <com.cwctravel.hudson.plugins.extended__choice__parameter.ExtendedChoiceParameterDefinition plugin="extended-choice-parameter@0.78">
          <name>option</name>
          <description>Deploy Option</description>
          <quoteValue>false</quoteValue>
          <saveJSONParameterToFile>false</saveJSONParameterToFile>
          <visibleItemCount>5</visibleItemCount>
          <type>PT_SINGLE_SELECT</type>
          <groovyScript>
				return deployOptions != null ? &quot; ,&quot; + deployOptions : &quot;&quot;
			</groovyScript>
          <bindings>deployOptions=Standard Deploy</bindings>
          <multiSelectDelimiter>,</multiSelectDelimiter>
        </com.cwctravel.hudson.plugins.extended__choice__parameter.ExtendedChoiceParameterDefinition>
      </parameterDefinitions>
    </hudson.model.ParametersDefinitionProperty>
  </properties>
  <definition class="org.jenkinsci.plugins.workflow.cps.CpsScmFlowDefinition" plugin="workflow-cps@2.83">
    <scm class="hudson.plugins.git.GitSCM" plugin="git@4.4.1">
      <configVersion>2</configVersion>
      <userRemoteConfigs>
        <hudson.plugins.git.UserRemoteConfig>
          <refspec>+refs/heads/develop:refs/remotes/origin/develop</refspec>
          <url>PLACEHOLDER_REPOSITORY_SERVER_URL/PLACEHOLDER_REPOSITORY_GROUP/PLACEHOLDER_REPOSITORY_NAME</url>
          <credentialsId>automation-rw</credentialsId>
        </hudson.plugins.git.UserRemoteConfig>
      </userRemoteConfigs>
      <branches>
        <hudson.plugins.git.BranchSpec>
          <name>*/develop</name>
        </hudson.plugins.git.BranchSpec>
      </branches>
      <doGenerateSubmoduleConfigurations>false</doGenerateSubmoduleConfigurations>
      <submoduleCfg class="list"/>
      <extensions>
        <hudson.plugins.git.extensions.impl.SubmoduleOption>
          <disableSubmodules>false</disableSubmodules>
          <recursiveSubmodules>true</recursiveSubmodules>
          <trackingSubmodules>true</trackingSubmodules>
          <reference></reference>
          <parentCredentials>true</parentCredentials>
          <shallow>true</shallow>
        </hudson.plugins.git.extensions.impl.SubmoduleOption>
      </extensions>
    </scm>
    <scriptPath>automations/pipelines/ci-cd/03 - deploy/01 - deploy/Jenkinsfile</scriptPath>
    <lightweight>false</lightweight>
  </definition>
  <triggers/>
  <disabled>false</disabled>
</flow-definition>