<?xml version='1.1' encoding='UTF-8'?>
<org.jenkinsci.plugins.workflow.multibranch.WorkflowMultiBranchProject plugin="workflow-multibranch@2.22">
  <actions/>
  <description></description>
  <displayName>01 - Integration - Feature Review</displayName>
  <properties>
    <org.jenkinsci.plugins.docker.workflow.declarative.FolderConfig plugin="docker-workflow@1.26">
      <dockerLabel></dockerLabel>
      <registry plugin="docker-commons@1.17"/>
    </org.jenkinsci.plugins.docker.workflow.declarative.FolderConfig>
  </properties>
  <folderViews class="jenkins.branch.MultiBranchProjectViewHolder" plugin="branch-api@2.6.3">
    <owner class="org.jenkinsci.plugins.workflow.multibranch.WorkflowMultiBranchProject" reference="../.."/>
  </folderViews>
  <healthMetrics>
    <com.cloudbees.hudson.plugins.folder.health.WorstChildHealthMetric plugin="cloudbees-folder@6.15">
      <nonRecursive>false</nonRecursive>
    </com.cloudbees.hudson.plugins.folder.health.WorstChildHealthMetric>
  </healthMetrics>
  <icon class="jenkins.branch.MetadataActionFolderIcon" plugin="branch-api@2.6.3">
    <owner class="org.jenkinsci.plugins.workflow.multibranch.WorkflowMultiBranchProject" reference="../.."/>
  </icon>
  <orphanedItemStrategy class="com.cloudbees.hudson.plugins.folder.computed.DefaultOrphanedItemStrategy" plugin="cloudbees-folder@6.15">
    <pruneDeadBranches>true</pruneDeadBranches>
    <daysToKeep>1</daysToKeep>
    <numToKeep>-1</numToKeep>
  </orphanedItemStrategy>
  <triggers/>
  <disabled>false</disabled>
  <sources class="jenkins.branch.MultiBranchProject$BranchSourceList" plugin="branch-api@2.6.3">
    <data>
      <jenkins.branch.BranchSource>
        <source class="io.jenkins.plugins.gitlabbranchsource.GitLabSCMSource" plugin="gitlab-branch-source@1.5.4">
          <id>7d1e6d08-bb58-473f-a745-12271ddab6e2</id>
          <serverName>PLACEHOLDER_REPOSITORY_SERVER_URL</serverName>
          <credentialsId>automation-rw</credentialsId>
          <projectOwner>PLACEHOLDER_REPOSITORY_GROUP</projectOwner>
          <projectPath>PLACEHOLDER_REPOSITORY_GROUP/PLACEHOLDER_REPOSITORY_NAME</projectPath>
          <traits>
            <io.jenkins.plugins.gitlabbranchsource.BranchDiscoveryTrait>
              <strategyId>1</strategyId>
            </io.jenkins.plugins.gitlabbranchsource.BranchDiscoveryTrait>
            <jenkins.scm.impl.trait.WildcardSCMHeadFilterTrait plugin="scm-api@2.6.4">
              <includes>develop*</includes>
              <excludes>develop</excludes>
            </jenkins.scm.impl.trait.WildcardSCMHeadFilterTrait>
            <jenkins.plugins.git.traits.SubmoduleOptionTrait plugin="git@4.6.0">
              <extension class="hudson.plugins.git.extensions.impl.SubmoduleOption">
                <disableSubmodules>false</disableSubmodules>
                <recursiveSubmodules>true</recursiveSubmodules>
                <trackingSubmodules>true</trackingSubmodules>
                <reference></reference>
                <parentCredentials>true</parentCredentials>
                <shallow>true</shallow>
              </extension>
            </jenkins.plugins.git.traits.SubmoduleOptionTrait>
          </traits>
        </source>
        <strategy class="jenkins.branch.DefaultBranchPropertyStrategy">
          <properties class="empty-list"/>
        </strategy>
      </jenkins.branch.BranchSource>
    </data>
    <owner class="org.jenkinsci.plugins.workflow.multibranch.WorkflowMultiBranchProject" reference="../.."/>
  </sources>
  <factory class="org.jenkinsci.plugins.workflow.multibranch.WorkflowBranchProjectFactory">
    <owner class="org.jenkinsci.plugins.workflow.multibranch.WorkflowMultiBranchProject" reference="../.."/>
    <scriptPath>automations/bin/multibranch-pipelines/Branch Review.Jenkinsfile</scriptPath>
  </factory>
</org.jenkinsci.plugins.workflow.multibranch.WorkflowMultiBranchProject>