<?xml version='1.1' encoding='UTF-8'?>
<flow-definition plugin="workflow-job@2.36">
  <actions>
    <org.jenkinsci.plugins.pipeline.modeldefinition.actions.DeclarativeJobAction plugin="pipeline-model-definition@1.5.1"/>
    <org.jenkinsci.plugins.pipeline.modeldefinition.actions.DeclarativeJobPropertyTrackerAction plugin="pipeline-model-definition@1.5.1">
      <jobProperties>
        <string>org.jenkinsci.plugins.workflow.job.properties.DisableConcurrentBuildsJobProperty</string>
      </jobProperties>
      <triggers>
        <string>hudson.triggers.TimerTrigger</string>
      </triggers>
      <parameters/>
      <options/>
    </org.jenkinsci.plugins.pipeline.modeldefinition.actions.DeclarativeJobPropertyTrackerAction>
  </actions>
  <description></description>
  <keepDependencies>false</keepDependencies>
  <properties>
    <hudson.plugins.jira.JiraProjectProperty plugin="jira@3.0.12"/>
    <org.jenkinsci.plugins.workflow.job.properties.DisableConcurrentBuildsJobProperty/>
    <org.jenkinsci.plugins.workflow.job.properties.PipelineTriggersJobProperty>
      <triggers>
        <hudson.triggers.TimerTrigger>
          <spec>H 4 * * *</spec>
        </hudson.triggers.TimerTrigger>
      </triggers>
    </org.jenkinsci.plugins.workflow.job.properties.PipelineTriggersJobProperty>
  </properties>
  <definition class="org.jenkinsci.plugins.workflow.cps.CpsScmFlowDefinition" plugin="workflow-cps@2.79">
    <scm class="hudson.plugins.git.GitSCM" plugin="git@4.1.1">
      <configVersion>2</configVersion>
      <userRemoteConfigs>
        <hudson.plugins.git.UserRemoteConfig>
          <refspec>+refs/heads/master:refs/remotes/origin/master</refspec>
          <url>PLACEHOLDER_REPOSITORY_SERVER_URL/PLACEHOLDER_REPOSITORY_GROUP/PLACEHOLDER_REPOSITORY_NAME</url>
          <credentialsId>automation-rw</credentialsId>
        </hudson.plugins.git.UserRemoteConfig>
      </userRemoteConfigs>
      <branches>
        <hudson.plugins.git.BranchSpec>
          <name>*/master</name>
        </hudson.plugins.git.BranchSpec>
      </branches>
      <doGenerateSubmoduleConfigurations>false</doGenerateSubmoduleConfigurations>
      <submoduleCfg class="list"/>
      <extensions>
        <hudson.plugins.git.extensions.impl.SubmoduleOption>
          <disableSubmodules>false</disableSubmodules>
          <recursiveSubmodules>true</recursiveSubmodules>
          <trackingSubmodules>true</trackingSubmodules>
          <reference></reference>
          <parentCredentials>true</parentCredentials>
          <shallow>true</shallow>
        </hudson.plugins.git.extensions.impl.SubmoduleOption>
      </extensions>
    </scm>
    <scriptPath>automations/pipelines/ci-cd/03 - deploy/01 - deploy/Jenkinsfile</scriptPath>
    <lightweight>false</lightweight>
  </definition>
  <triggers/>
  <disabled>false</disabled>
</flow-definition>